Epoch,Coding Loss,Reconstruction Loss,Total Loss
0,0.0022312032524496317,390.3888244628906,390.3910556661431
1,1.9017422199249268,363.5663146972656,365.4680480957031
